name,kcal_per_100g,protein_g,carbs_g,fat_g,source
Pirinç pilavı,130,2.7,28.2,0.3,USDA FoodData Central
Beyaz pirinç pişmiş,130,2.7,28.2,0.3,USDA FoodData Central
Bulgur pilavı,83,3.1,18.6,0.2,USDA FoodData Central
Makarna pişmiş,158,5.8,30.9,0.9,USDA FoodData Central
Spagetti pişmiş,158,5.8,30.9,0.9,USDA FoodData Central
Ekmek beyaz,266,8.9,49.4,3.2,USDA FoodData Central
Tam buğday ekmeği,247,13.0,41.4,4.2,USDA FoodData Central
Yulaf ezmesi,389,16.9,66.3,6.9,USDA FoodData Central
Patates haşlanmış,87,1.9,20.1,0.1,USDA FoodData Central
Patates kızartması,312,3.4,41.4,15.0,USDA FoodData Central
Tatlı patates,86,1.6,20.1,0.1,USDA FoodData Central
Mercimek pişmiş,116,9.0,20.1,0.4,USDA FoodData Central
Nohut pişmiş,164,8.9,27.4,2.6,USDA FoodData Central
Kuru fasulye pişmiş,127,8.7,22.8,0.5,USDA FoodData Central
Bezelye pişmiş,84,5.4,15.6,0.4,USDA FoodData Central
Mısır pişmiş,96,3.4,21.0,1.5,USDA FoodData Central
Tavuk göğsü ızgara,165,31.0,0.0,3.6,USDA FoodData Central
Tavuk göğsü haşlanmış,165,31.0,0.0,3.6,USDA FoodData Central
Tavuk but pişmiş,209,26.0,0.0,10.9,USDA FoodData Central
Hindi göğsü pişmiş,135,29.0,0.0,1.6,USDA FoodData Central
Dana eti pişmiş,250,26.0,0.0,17.0,USDA FoodData Central
Kıyma dana pişmiş,272,25.0,0.0,18.0,USDA FoodData Central
Kuzu eti pişmiş,258,25.6,0.0,16.5,USDA FoodData Central
Köfte,250,20.0,8.0,15.0,USDA FoodData Central
Balık ızgara,206,22.0,0.0,12.0,USDA FoodData Central
Somon pişmiş,206,22.1,0.0,12.4,USDA FoodData Central
Ton balığı suda,116,25.5,0.0,0.8,USDA FoodData Central
Yumurta haşlanmış,155,12.6,1.1,10.6,USDA FoodData Central
Yumurta omlet,154,10.6,0.7,11.2,USDA FoodData Central
Süt tam yağlı,61,3.2,4.8,3.3,USDA FoodData Central
Yoğurt tam yağlı,61,3.5,4.7,3.3,USDA FoodData Central
Yoğurt süzme,97,9.0,3.9,5.0,USDA FoodData Central
Beyaz peynir,264,14.2,4.1,21.3,USDA FoodData Central
Kaşar peyniri,356,25.0,2.2,28.0,USDA FoodData Central
Lor peyniri,98,11.1,3.4,4.3,USDA FoodData Central
Mozzarella,280,27.5,3.1,17.1,USDA FoodData Central
Elma,52,0.3,13.8,0.2,USDA FoodData Central
Muz,89,1.1,22.8,0.3,USDA FoodData Central
Portakal,47,0.9,11.8,0.1,USDA FoodData Central
Mandalina,53,0.8,13.3,0.3,USDA FoodData Central
Çilek,32,0.7,7.7,0.3,USDA FoodData Central
Üzüm,69,0.7,18.1,0.2,USDA FoodData Central
Karpuz,30,0.6,7.6,0.2,USDA FoodData Central
Domates,18,0.9,3.9,0.2,USDA FoodData Central
Salatalık,15,0.7,3.6,0.1,USDA FoodData Central
Havuç,41,0.9,9.6,0.2,USDA FoodData Central
Brokoli,35,2.4,7.2,0.4,USDA FoodData Central
Ispanak,23,2.9,3.6,0.4,USDA FoodData Central
Marul,15,1.4,2.9,0.2,USDA FoodData Central
Avokado,160,2.0,8.5,14.7,USDA FoodData Central
Badem,579,21.2,21.6,49.9,USDA FoodData Central
Ceviz,654,15.2,13.7,65.2,USDA FoodData Central
Fındık,628,15.0,16.7,60.8,USDA FoodData Central
Yer fıstığı,567,25.8,16.1,49.2,USDA FoodData Central
Zeytin,115,0.8,6.3,10.9,USDA FoodData Central
Zeytinyağı,884,0.0,0.0,100.0,USDA FoodData Central
Bal,304,0.3,82.4,0.0,USDA FoodData Central
Çikolata sütlü,535,7.7,59.4,29.7,USDA FoodData Central
Bitter çikolata,598,7.8,45.9,42.6,USDA FoodData Central